name_jp,name_en,name_en_literal,name_en_gtranslate,reference,tag,parent_jp0,parent_en0,parent_jp1,parent_en1,author_jp,author_en,video0,video1,video2,video3,video4,video5
OAD - 関西,OAD - Kansai Style,OAD - kansai,OAD - Kansai,,0A,,,,,,,https://youtu.be/pYSWfadMxmk,https://youtu.be/n27FW188GUQ?t=198,,,,
YDD,YDD,YDD,YDD,,0A,,,,,,,https://youtu.be/v5uMBLlSWn0?t=255,,,,,
アマテラス,Amaterasu,amaterasu,Amaterasu,,0A,,,,,,,https://youtu.be/lMNdt4ZsV48,https://youtu.be/n27FW188GUQ?t=210,https://youtu.be/9HsYoiYeep0?t=144,,,
サンダースネイク,Thundersnake,sanda suneiku,thunder snake,,0A,,,,,,,https://youtu.be/IDStuN9abN0,https://youtu.be/n27FW188GUQ?t=11,https://youtu.be/rLZW_jPb_ZI?t=3,https://youtu.be/DshPk4EXjo0?si=hBfR8DeedaYM6Nbw,https://youtu.be/gmq3H-F9hmk?si=k6esIcLhG3p32Mxc&t=469,
スネイクサンダー,Snakethunder,suneiku sanda,snake thunder,,0A,,,,,,,https://youtu.be/gj6I50jU6V0?t=193,https://youtu.be/n27FW188GUQ?t=193,,,,
ソイヤ,Soiya,so iya,Soya,,0A,,,,,,,https://youtu.be/j_xYmdJLHpE,,,,,
ニーハイオーハイ,Ni-Hai-O-Hai,nihai o hai,knee high ojai,,0A,,,,,,,https://youtu.be/j_xYmdJLHpE,,,,,
ロサリオ,Rosario,rosario,rosario,,0A,,,,,,,https://youtu.be/m5dR7mC73hw,https://youtu.be/n27FW188GUQ?t=204,,,,
ロサンゼルス,Los Angeles,rosanzerusu,Los Angeles,,0A,,,,,,,https://youtu.be/zElYjtpYN4k,https://youtu.be/n27FW188GUQ?t=206,,,,
ロマンス,Romance,romansu,romance,,0A,,,,,,,https://youtu.be/gj6I50jU6V0?t=187,https://youtu.be/n27FW188GUQ?t=186,https://youtu.be/zm2mpwCKzHc?t=641,,,
イザナギ,Izanagi,izanagi,Izanagi,,0B,,AMATERASU,,,,,https://youtu.be/QKSP7cRSGmM?t=209,https://youtu.be/gmq3H-F9hmk?si=IL74pxSqUgjptvDG&t=419,,,,
イザナミ,Izanami,izanami,Izanami,,0B,,AMATERASU,,,,,https://youtu.be/rLZW_jPb_ZI?t=304,,,,,
コトアマツカミ,Kotoamatsukami,koto ama tsukami,Kotoamatsukami,,0B,,,,,,,https://youtu.be/RNGY1aAbjjs?t=91,,,,,
シャオリー,Shaori,shaori,Xiaoli,,0B,,,,,,,https://youtu.be/q06pGNnOM3w?t=82,https://youtu.be/zm2mpwCKzHc?t=581,https://youtu.be/gmq3H-F9hmk?si=1Xse7n9z0hhboxWx&t=285,,,
シュナイザー,Schneider,shunaiza,schneizer,,0B,,,,,,,https://youtu.be/rLZW_jPb_ZI?t=1133,https://youtu.be/9HsYoiYeep0?t=174,,,,
スサノオ,Susanoo,susanoo,Susanoo,,0B,,,,,,,https://youtu.be/rLZW_jPb_ZI?t=6m6s,https://youtu.be/9HsYoiYeep0?t=232,,,,
ツクヨミ,Tsukuyomi,tsukuyomi,Tsukuyomi,,0B,,AMATERASU,,,,,https://youtu.be/rLZW_jPb_ZI?t=315,https://youtu.be/Rj8O1f2Mcd8?t=114,,,,
ムラマサ,Muramasa,mu rama sa,Muramasa,,0B,,,,,,,https://youtu.be/5qy5wK6ux5I?t=44,https://youtu.be/n27FW188GUQ?t=82,https://youtu.be/9HsYoiYeep0?t=82,,,
レクイエム,Requiem,rekuiemu,requiem,,0B,,,,,,,https://youtu.be/rBt2oYZZmn4?t=39,,,,,
神威,Kamui,shin-i,Divine power,,0B,,,,,,,https://youtu.be/_-jP5N4NluQ?t=668,,,,,
センターイザナギ,Center Izanagi,senta izanagi,Center Izanagi,,0C,,IZANAGI,,,,,https://youtu.be/rLZW_jPb_ZI?t=8m54s,,,,,
センターシャオリー,Center Shaori,senta shaori,center shaoli,,0C,,SHAORI,,,,,https://youtu.be/3-s74iLW0EE?t=14,https://youtu.be/9HsYoiYeep0?t=128,,,,
センタースネイク,Center Snake,senta suneiku,center snake,,0C,,SNAKE,,,,,https://youtu.be/rLZW_jPb_ZI?t=8m43s,,,,,
センターツクヨミ,Center Tsukuyomi,sen tatsu kuyomi,Center Tsukuyomi,,0C,,AMATERASU,,,,,https://youtu.be/rLZW_jPb_ZI?t=8m54s,,,,,
センターヤキソバスネイク,Center Yakisoba Snake,senta yakisoba suneiku,Center Yakisoba Snake,,0C,,SNAKE,,,,,https://youtu.be/rLZW_jPb_ZI?t=9m23s,,,,,
センターラピットクロウ,Center Rapid Crow,senta ra pitto kurou,center rapid claw,,0C,,CROW,,,,,https://youtu.be/rLZW_jPb_ZI?t=551,,,,,
センター伊達スネイク,Center Itachi Snake,senta date suneiku,Center Date Snake,,0C,,SNAKE,,,,,https://youtu.be/rLZW_jPb_ZI?t=563,,,,,
センター流星スネイク,Center Ryuusei Snake,senta ryuusei suneiku,center meteor snake,,0C,,SNAKE,,,,,https://youtu.be/rLZW_jPb_ZI?t=9m11s,,,,,
エロマサ,Eromasa,ero masa,Eromassa,,0M,,MURAMASA,,,,,https://youtu.be/9Ul6dXIm7Jw?t=170,,,,,
おやすみスネーク,Oyasumi Snake,oyasumi suneku,good night snake,,0M,,SNAKE,,,,,https://twitter.com/tanacchi_ryu/status/797453158746243072,,,,,
ぴーの紋章,Pi no Monshou,pi no monshou,Pea's emblem,,0M,,ROTO NO MONSHOU,,,,,https://youtu.be/WEgjiz45Fzs?t=59,,,,,
緋劔いっぱい,Hiken Ippai,aka/hi ken ippai,Full of scarlet swords,,0M,,HIKEN,,,みつき,MITSUKI,https://youtu.be/1oWG32g8IsI?t=96,,,,,
芝刈り機a,Shibakariki a,shibakariki a,lawn mower a,,0M,,,,,,,https://youtu.be/B5-1v9B5pJY?t=18m5s,,,,,
旧アマテラス,Amaterasu (Old),kyuu amaterasu,Old Amaterasu,,0O,,AMATERASU,,,,,https://youtu.be/6uorIxhPqZk?t=6s,,,,,
旧イザナギ,Izanagi (Old),kyuu izanagi,Old Izanagi,,0O,,AMATERASU,,,,,https://youtu.be/rLZW_jPb_ZI?t=315,,,,,
旧インフィニティ,Infinity(Old),kyuu infiniti,old infiniti,,0O,,,,,航平,KOUHEI,https://youtu.be/wHnqnSf4orA?t=164,,,,,
旧ツクヨミ,Tsukuyomi (Old),kyuu tsukuyomi,Old Tsukuyomi,,0O,,AMATERASU,,,,,https://youtu.be/rLZW_jPb_ZI?t=315,,,,,
旧ドラグーンスピア,Dragoon Spear (Old),kyuu doragun supia,old dragoon spear,,0O,,DRAGOON SPEAR,,,,,https://youtu.be/rLZW_jPb_ZI?t=7m22s,,,,,
旧メテオロロジスト,Meteorologist (Old),kyuu meteo ro roji suto,former meteorologist,,0O,,,,,,,https://youtu.be/rLZW_jPb_ZI?t=1165,,,,,
旧レッドブール,Red Bull (Old),kyuu reddo buru,old red boule,,0O,,SNAKE,,,,,https://youtu.be/rLZW_jPb_ZI?t=442,,,,,
旧天翔,Amakakeru (Old),kyuu amaka,Old Tensho,,0O,,ROMANCE,,,,,https://youtu.be/djN7xYFryFU?t=179,https://youtu.be/gmq3H-F9hmk?si=bhWk9Qrl85NbR1Vo&t=450,,,,
旧流星スネイク,Ryuusei Snake (Old),kyuu ryuusei suneiku,old meteor snake,,0O,,SNAKE,,,,,https://youtu.be/rLZW_jPb_ZI?t=3m39s,,,,,
旧神威,Kamui (Old),kyuu shin'i,Old Kamui,,0O,,,,,,,https://youtu.be/JOllsSJP5LQ?t=2,,,,,
OAD - TIKU式,OAD - TIKU Style,OAD - TIKU shiki,OAD - TIKU style,,0T,,OAD,,,,,https://youtu.be/dJKzwdCVg1Y?t=30,,,,,
ロマンティック,Romantic,romantikku,romantic,,0T,,ROMANCE,,,,,https://youtu.be/qiJ9NE6nGLQ?t=217,,,,,
//:command,//:command,//:command,//:command,,0Z,,,,,,,https://youtu.be/OQbcpgoOSb0?t=211,,,,,
495年の波紋,495 Nen no Hamon,yonhyaku kyuujuu gonen no hamon,495 years of ripples,,0Z,,,,,,,https://youtu.be/XOWfj2jUHUQ?t=115,,,,,
CDN,CDN,CDN,CDN,,0Z,,,,,航平,KOUHEI,https://youtu.be/wHnqnSf4orA?t=131,,,,,
CDN改,CDN Kai,CDN kai,CDN Kai,,0Z,,CDN,,,航平,KOUHEI,https://youtu.be/wHnqnSf4orA?t=176,,,,,
DeG,DeG,DeG,DeG,,0Z,,,,,,,https://youtu.be/gj6I50jU6V0?t=70,https://youtu.be/zm2mpwCKzHc?t=540,,,,
DRY,DRY,DRY,DRY,,0Z,,,,,,,https://youtu.be/zm2mpwCKzHc?t=76,,,,,
FGD,FGD,FGD,FGD,,0Z,,,,,,,https://youtu.be/XOWfj2jUHUQ?t=183,,,,,
FTR,FTR,FTR,FTR,,0Z,,OAD,,,,,https://youtu.be/rLZW_jPb_ZI?t=13m38s,,,,,
G=D,G=D,G=D,G=D,The Legend of Zelda,0Z,,,,,,,https://youtu.be/zm2mpwCKzHc?t=324,,,,,
GOLD,GOLD,GOLD,GOLD,,0Z,,,,,,,https://youtu.be/n27FW188GUQ?t=139,https://youtu.be/zm2mpwCKzHc?t=34,,,,
MgG,MgG,MgG,MgG,,0Z,,MmG,,,ペリカン,PERIKAN,https://youtu.be/zm2mpwCKzHc?t=65,https://youtu.be/AnLbfUdu5gU?t=55,,,,
MmG,MmG,MmG,MmG,Toaru,0Z,,MmG,,,ペリカン,PERIKAN,https://youtu.be/zm2mpwCKzHc?t=55,https://youtu.be/ksbehyO8PtE,https://youtu.be/gmq3H-F9hmk?si=SyWdtERrnnpZBGBt&t=377,,,
OAD - 関東,OAD - Kanto Style,OAD -  kantou,OAD - Kanto,,0Z,,OAD,,,,,https://youtu.be/E2npD0SyEvk?t=28s,,,,,
RUUNA,RUUNA,RUUNA,RUUNA,,0Z,,SUPER PLUME,,,,,https://youtu.be/A1WtRT3E74c?t=79,,,,,
RUUNA_Zwei,RUUNA_Zwei,RUUNA_Zwei,RUUNA_Zwei,,0Z,,RUUNA,,,,,https://youtu.be/A1WtRT3E74c?t=297,,,,,
RUUNA【BLIZZARD II】,RUUNA【BLIZZARD II】,RUUNA【BLIZZARD II】,RUUNA [BLIZZARD II],,0Z,,RUUNA,,,,,https://youtu.be/A1WtRT3E74c?t=2m39s,https://youtu.be/n27FW188GUQ?t=105,,,,
RUUNA【BLIZZARD】,RUUNA【BLIZZARD】,RUUNA【BLIZZARD】,RUUNA【BLIZZARD】,,0Z,,RUUNA,,,,,https://youtu.be/A1WtRT3E74c?t=2m26s,,,,,
RUUNA【Full Burst】,RUUNA【Full Burst】,RUUNA【Full Burst】,RUUNA [Full Burst],,0Z,,RUUNA,,,,,https://youtu.be/A1WtRT3E74c?t=188,,,,,
RUUNA【ROMANCE】,RUUNA【ROMANCE】,RUUNA【ROMANCE】,RUUNA【ROMANCE】,,0Z,,RUUNA,,,,,https://youtu.be/rLZW_jPb_ZI?t=22m47s,,,,,
RUUNA【TEMPEST】,RUUNA【TEMPEST】,RUUNA【TEMPEST】,RUUNA【TEMPEST】,,0Z,,RUUNA,,,,,https://youtu.be/A1WtRT3E74c?t=274,,,,,
RUUNA【ULTIMATE】,RUUNA【ULTIMATE】,RUUNA【ULTIMATE】,RUUNA【ULTIMATE】,,0Z,,RUUNA,,,,,https://youtu.be/A1WtRT3E74c?t=286,,,,,
RUUNA【VIOLET】,RUUNA【VIOLET】,RUUNA【VIOLET】,RUUNA【VIOLET】,,0Z,,RUUNA,,,,,https://youtu.be/A1WtRT3E74c?t=1m31s,,,,,
S☆O,S☆O,S☆O,S☆O,,0Z,,MURAMASA,,,,,https://youtu.be/rLZW_jPb_ZI?t=256,,,,,
SAMURAI,SAMURAI,SAMURAI,SAMURAI,,0Z,,SAMURAI,,,,,https://youtu.be/6MRPTLTiIFI?t=112,https://youtu.be/9HsYoiYeep0?t=186,,,,
SK Ⅱ,SK Ⅱ,SK Ⅱ,SKⅡ,,0Z,,,,,,,https://youtu.be/rLZW_jPb_ZI?t=789,,,,,
TGスネイク,TG Snake,TG suneiku,TG Snake,,0Z,,SNAKE,,,,,https://youtu.be/rLZW_jPb_ZI?t=45,,,,,
TKG,TKG,TKG,TKG,,0Z,,OAD,,,,,https://youtu.be/rLZW_jPb_ZI?t=13m38s,,,,,
α(アルファ),α(Alpha),α( arufa),α (alpha),,0Z,,,,,,,https://youtu.be/gj6I50jU6V0?t=58,,,,,
アーリークロス,Early Cross,ari kurosu,early cross,,0Z,,CROSS,,,,,https://youtu.be/rLZW_jPb_ZI?t=8m10s,https://youtu.be/9HsYoiYeep0?t=156,https://youtu.be/gmq3H-F9hmk?si=452thjp06P13xpOz&t=409,,,
アヴァロン,Avalon,ava ron,Avalon,Fate,0Z,,,,,,,https://youtu.be/n27FW188GUQ?t=70,https://youtu.be/zm2mpwCKzHc?t=264,,,,
アサナギ,Asanagi,asanagi,Asanagi,,0Z,,,,,,,https://youtu.be/zm2mpwCKzHc?t=224,,,,,
アステール,Asuteru,a sute ru,aster,,0Z,,,,,,,https://youtu.be/zm2mpwCKzHc?t=621,,,,,
アツテール,Atsuteru,atsu teru,Atsutail,,0Z,,,,,,,https://youtu.be/OSVAmAc13VU?t=190,,,,,
あぽりあスペシャル,Apollia Special,aporia supesharu,Aporia Special,,0Z,,,,,,,https://youtu.be/n27FW188GUQ?t=47,,,,,
アマテラス４重,Amaterasu Shijuu,amaterasu shijuu,Amaterasu Quadruple,,0Z,,AMATERASU,,,,,https://youtu.be/rLZW_jPb_ZI?t=256,,,,,
アマテラス害,Amaterasu Gai,amaterasu gai,Amaterasu Harm,,0Z,,AMATERASU,,,,,https://youtu.be/5s-uA1c7DUg?t=90,,,,,
アマテらんたろス,Amaterantarosu,ama teran tarosu,Amate Rantaros,,0Z,,AMATERASU,,,,,https://youtu.be/rLZW_jPb_ZI?t=288,,,,,
アマテリア,Amateria,ama teria,Amateria,,0Z,,,,,,,https://youtu.be/zm2mpwCKzHc?t=474,,,,,
アヤマサ,Ayamasa,a yama sa,Ayamasa,,0Z,,MURAMASA,,,,,https://youtu.be/rLZW_jPb_ZI?t=167,,,,,
アリス・レイ,Alice Rei,ari su rei,Alice Ray,,0Z,,,,,,,https://youtu.be/zm2mpwCKzHc?t=11,,,,,
アルマビアンカ,Arma Bianca,aru ma bian ka,alma bianca,,0Z,,,,,,,https://youtu.be/TK5UCrdXTSY?list=PLNkmRI1NJODQ7h6IC8esPvVPZnD1BPobP&t=120,,,,,
アルマフローラ,Arma Flora,aru mafu rora,almaflora,,0Z,,,,,,,https://youtu.be/TK5UCrdXTSY?list=PLNkmRI1NJODQ7h6IC8esPvVPZnD1BPobP&t=120,,,,,
アロンアルファ,Alon Alpha,a ron arufa,aron alpha,,0Z,,MURAMASA,,,,,https://youtu.be/rLZW_jPb_ZI?t=12m38s,,,,,
アロンアルファ改,Alon Alpha Kai,a ron arufa kai,Aron Alpha Kai,,0Z,,ALON ALPHA,,,,,https://youtu.be/rLZW_jPb_ZI?t=12m38s,,,,,
アンドロブル,Androbull,ando robu ru,androble,,0Z,,SNAKE,,,,,https://youtu.be/rLZW_jPb_ZI?t=579,,,,,
アンドロメダ,Andromeda,andoromeda,andromeda,,0Z,,SNAKE,,,,,https://youtu.be/rLZW_jPb_ZI?t=9m39s,,,,,
アンフィールド,Anfield,an firudo,anfield,,0Z,,,,,,,https://youtu.be/n27FW188GUQ?t=36,https://youtu.be/zm2mpwCKzHc?t=117,,,,
アンルシア,Anlucia,an rushi a,Anlucia,,0Z,,,,,,,https://youtu.be/gqZC6AIzIj8?t=286,,,,,
イェーガー,Yaeger,ie ga,jaeger,,0Z,,,,,,,https://youtu.be/rLZW_jPb_ZI?t=15m17s,,,,,
イギータ,Igiter,igita,Higuita,,0Z,,,,,,,https://youtu.be/djN7xYFryFU?t=344,,,,,
イグニス,Ignis,igu nisu,Ignis,,0Z,,,,,,,https://youtu.be/djN7xYFryFU?t=255,,,,,
イクマル,Ikumaru,i kumaru,Ikmal,,0Z,,,,,,,https://youtu.be/zm2mpwCKzHc?t=556,,,,,
イラストリアス,Illustrious,irasuto ria su,Illustrious,,0Z,,,,,影夜,,https://youtu.be/0IK6mJ7sy20?t=278,,,,,
うーぱーきゃのん,Uber Cannon,upakya non,Upper Canon,,0Z,,,,,,,https://youtu.be/djN7xYFryFU?t=284,https://youtu.be/gmq3H-F9hmk?si=px8HM9InusTmOo_w&t=257,,,,
ヴァルハラ,Valhalla,varuhara,valhalla,,0Z,,,,,,,https://youtu.be/dpqosqaXMhg,,,,,
ウラヌス,Uranus,uranusu,uranus,,0Z,,,,,,,https://youtu.be/L7l8ihShjTA?t=122,https://youtu.be/GwmiYvpsjqM?t=25,https://youtu.be/DNdV4UaJK00?t=44,,,
ウワバミ,Uwabami,uwabami,Uwabami,,0Z,,,,,,,https://youtu.be/XsiGIlSFke0?t=1m9s,,,,,
エドセラス,Edoserasu,edose rasu,Ed Seras,,0Z,,,,,,,https://youtu.be/XOWfj2jUHUQ?t=78,,,,,
エリュサー,Elusor,eryusa,Elysor,,0Z,,,,,,,https://youtu.be/LrExRFSE330?t=96,,,,,
エンタープライズ,Enterprise,entapuraizu,enterprise,,0Z,,,,,影夜,,https://youtu.be/0IK6mJ7sy20?t=268,,,,,
オービタル,Orbital,obitaru,Orbital,,0Z,,,,,,,https://youtu.be/XOWfj2jUHUQ?t=48,,,,,
オリオン,Orion,orion,orion,,0Z,,,,,,,https://youtu.be/9HsYoiYeep0?t=93,,,,,
ガイアフライ,Gaia Fly,gaia furai,gaia fly,,0Z,,BUTTERFLY,,,,,https://youtu.be/yiKPmmLqeCs?list=PLNkmRI1NJODQ7h6IC8esPvVPZnD1BPobP&t=178,,,,,
カイル,Kyle,kairu,kyle,,0Z,,,,,,,https://youtu.be/XOWfj2jUHUQ?t=10,,,,,
ガトーショコラ,Gateau Chocolat,gatoshokora,gateau chocolat,,0Z,,,,,,,https://youtu.be/1vpXqF2ToZc?t=115,,,,,
カトリーナ,Katorina,kato rina,katrina,,0Z,,,,,えのらげい,ENORAGEI,https://youtu.be/J8R_0arLA9A,https://youtu.be/EC1nSjADkx8?si=oodcIeVgd61JmZ9S,https://youtu.be/gmq3H-F9hmk?si=Sam88k1l_RvbXMM2&t=152,,,
カノンデール,Cannondale,kanon de ru,cannondale,,0Z,,,,,,,https://youtu.be/zm2mpwCKzHc?t=21,,,,,
カラスアゲハ,Karasu Ageha,karasuageha,crow swallowtail,,0Z,,,,,,,https://youtu.be/RCdZclRLELM?t=90,,,,,
キャノン砲,Cannonball,kyanonhou,cannon gun,,0Z,,,,,,,https://youtu.be/djN7xYFryFU?t=152,,,,,
キリサメ,Kirisame,kirisame,Kirisame,,0Z,,MURAMASA,,,,,https://youtu.be/rLZW_jPb_ZI?t=98,,,,,
キリミスピア,Kirimi Spear,kiri misu pia,Kirimi Spear,,0Z,,,,,,,https://youtu.be/A896gOtkfqY?t=41,,,,,
ギルガメッシュ,Gilgamesh,giruga messhu,gilgamesh,Fate,0Z,,,,,,,https://youtu.be/1vpXqF2ToZc?t=316,https://youtu.be/gqZC6AIzIj8?t=51,https://youtu.be/9HsYoiYeep0?t=116,,,
クエラキャット,Cuella Cat,kue ra kyatto,quela cat,,0Z,,,,,,,https://youtu.be/LrExRFSE330?t=39,,,,,
クサナギ,Kusanagi,kusa nagi,Kusanagi,,0Z,,AMATERASU,,,,,https://youtu.be/njz1-BR46j8?t=1m7s,https://youtu.be/GwmiYvpsjqM?t=12,,,,
クサノオ,Kusano,kusanoo,Kusanoo,,0Z,,SUSANOO,,,,,https://youtu.be/rLZW_jPb_ZI?t=377,,,,,
クライシス,Crisis,kuraishisu,crisis,,0Z,,,,,,,https://youtu.be/9Ul6dXIm7Jw?t=138,,,,,
グリスタ,Grista,gurisu ta,Gulista,,0Z,,,,,,,https://youtu.be/rLZW_jPb_ZI?t=15m17s,,,,,
ゲイ・ボルク,Gae Bolg,gei boruku,Gay Bork,Fate,0Z,,,,,,,https://twitter.com/helen_891231/status/1250448610749112320,https://youtu.be/oRzdbBDALMc?t=96,,,,
ゲイ・ボルク改,Gae Bolg Kai,gei boruku kai,Gay Bork Kai,Fate,0Z,,GAE BOLG,,,,,https://youtu.be/djN7xYFryFU?t=59s,https://youtu.be/o6ZqdRlOjUw?t=55,https://youtu.be/MsKegjNXxXg?t=17,,,
こへおり,Koeori,ko e ori,Koheori,,0Z,,,,,航平,KOUHEI,https://youtu.be/wHnqnSf4orA?t=111,,,,,
コンゴジャングル,Congo Jungle,kongo janguru,congo jungle,,0Z,,,,,,,https://youtu.be/rLZW_jPb_ZI?t=11m17s,,,,,
サイファンクル,Psyfunkle,sai fanku ru,Cyfunkle,,0Z,,,,,,,https://youtu.be/LrExRFSE330?t=77,,,,,
サザンクロス,Southern Cross,sazankurosu,southern cross,,0Z,,,,,,,https://youtu.be/LrExRFSE330?t=158,,,,,
サスケのかたな,Sasuke no katana,sasu ke no katana,Sasuke's side,,0Z,,MURAMASA,,,,,https://youtu.be/rLZW_jPb_ZI?t=3m8s,,,,,
サマーソルト,Somersault,samasoruto,summer salt,,0Z,,,,,,,https://youtu.be/rLZW_jPb_ZI?t=20m35s,https://youtu.be/LrExRFSE330?t=106,,,,
サムライ,Samurai (Katakana),samurai,samurai,,0Z,,SAMURAI,,,,,https://youtu.be/0cONLTUw7h8,https://youtu.be/zm2mpwCKzHc?t=505,,,,
サンタムエルテ,Santa Muerte,santa mu eru te,Santa Muerte,,0Z,,,,,,,https://youtu.be/LrExRFSE330?t=48,,,,,
ジ・イクリプス,The Eclipse,ji i kuri pusu,The Eclipse,,0Z,,,,,,,https://youtu.be/RCdZclRLELM?t=421,,,,,
シャーロット・エスク,Charlotte Esk,sha rotto esu ku,Charlotte Esq.,,0Z,,,,,,,https://youtu.be/zm2mpwCKzHc?t=253,,,,,
シャオリー改,Shaori Kai,shaori kai,Xiaoli Kai,,0Z,,SHAORI,,,,,https://youtu.be/rLZW_jPb_ZI?t=710,,,,,
シャオリー極,Shaori Goku,shaori goku,Xiaoli Kiwami,,0Z,,SHAORI,,,,,https://youtu.be/rLZW_jPb_ZI?t=505,,,,,
ジャックナイフ,Jack Knife,jakkunaifu,jackknife,,0Z,,,,,,,https://youtu.be/nVoN6zgV4fY,,,,,
シューティングスタースネイク,Shooting Star Snake,shutingusuta suneiku,shooting star snake,,0Z,,SNAKE,,,,,https://youtu.be/Z6q1SyOqIbM?t=1m47s,,,,,
シリウス,Sirius,shiriusu,sirius,,0Z,,,,,,,https://youtu.be/rLZW_jPb_ZI?t=14m53s,https://youtu.be/Rj8O1f2Mcd8?t=65,https://youtu.be/gmq3H-F9hmk?si=5UvKlrdzUdm5wWn6&t=120,,,
シロトピア,Shirotopia,shi roto pia,Shirotopia,,0Z,,SNAKE,,,,,https://youtu.be/uxKfpuQw5MI?t=71,,,,,
スーザンボイル,Susan Boyle,suzan boiru,susan boyle,,0Z,,,,,,,https://youtu.be/zm2mpwCKzHc?t=86,,,,,
スーパープルーム,Super Plume,supa purumu,super plume,,0Z,,RUUNA,,,,,https://youtu.be/rLZW_jPb_ZI?t=20m23s,https://youtu.be/o_dvv51Pogk?t=18,https://youtu.be/Nkp2x4aqCtA?t=73,https://youtu.be/gmq3H-F9hmk?si=nYr2sBqNyASy_cj3&t=223,,
スカトロロジスト,Scatologist,sukatoro roji suto,scatologist,,0Z,,,,,,,https://youtu.be/rLZW_jPb_ZI?t=1176,,,,,
スサテラス,Susaterasu,susa terasu,Susa Terrace,,0Z,,SUSANOO,,,,,https://youtu.be/rLZW_jPb_ZI?t=277,,,,,
スサノオ改,Susanoo Kai,susanoo kai,Susanoo Kai,,0Z,,SUSANOO,,,,,https://youtu.be/rLZW_jPb_ZI?t=6m6s,,,,,
スタースネイク,Star Snake,suta suneiku,star snake,,0Z,,SNAKE,,,,,https://youtu.be/rLZW_jPb_ZI?t=16,,,,,
ステルス・ヒッキー,Stealth Hickey,suterusu hikki,stealth hickey,,0Z,,HICKEY,,,,,https://youtu.be/3Sez0M0zqvs?t=181,,,,,
ステルス・ヒッキー改,Stealth Hickey Kai,suterusu hikki kai,Stealth Hickey Mod,,0Z,,HICKEY,,,,,https://youtu.be/1vpXqF2ToZc?t=199,,,,,
スパイラルクロス,Spiral Cross,supairaru kurosu,spiral cross,,0Z,,CROSS,,,,,https://youtu.be/rLZW_jPb_ZI?t=1430,,,,,
スピナー,Spinner,supina,spinner,,0Z,,,,,,,https://youtu.be/zm2mpwCKzHc?t=274,,,,,
スフィンクス,Sphinx,sufinkusu,sphinx,,0Z,,,,,,,https://youtu.be/zm2mpwCKzHc?t=429,,,,,
スラパンダスター,Surapan Duster,su rapan dasuta,Slapanduster,,0Z,,,,,,,https://youtu.be/n27FW188GUQ?t=23,https://youtu.be/9ADfoPdzplw?si=C1EitazQTsVFYoq-,https://youtu.be/d77f1zcWmdE?si=dfQ5jnpDdYo2F-05,,,
セクシーちょんぼ,Sexy Chonbo,sekushi chonbo,sexy chombo,,0Z,,SEXY CHONBO,,,ペリカン,PERIKAN,https://youtu.be/gj6I50jU6V0?t=174,https://youtu.be/n27FW188GUQ?t=175,,,,
セクシーちょんぼ改,Sexy Chonbo Kai,sekushi chonbo kai,Sexy Chonbo Kai,,0Z,,SEXY CHONBO,,,ペリカン,PERIKAN,https://youtu.be/QKSP7cRSGmM?t=107,,,,,
セクシーちょんぼ改（仮）,Sexy Chonbo Kai (Choreo),sekushi chonbo kai( kari),Sexy Chonbo Kai (tentative),,0Z,,SEXY CHONBO,,,,,https://youtu.be/gdiW4rasVLk?t=153,,,,,
セクロス,Sekurosu,sekurosu,sex,,0Z,,CROSS,,,,,https://youtu.be/rLZW_jPb_ZI?t=848,,,,,
ゼンリツセン,Zenritsusen,zenritsusen,Zenritsen,,0Z,,,,,,,https://youtu.be/XOWfj2jUHUQ?t=19,,,,,
タイタニック,Titanic,taitanikku,titanic,,0Z,,AMATERASU,,,,,https://youtu.be/r765viHQcdA?t=4m43s ,,,,,
ダブルサーキュラー,Double circular,daburu sakyura,double circular,,0Z,,,,,,,https://youtu.be/NOOeQ4dqTAc?t=17,,,,,
ちょんぼ改,Chonbo Kai,chonbo kai,Chonbo Kai,,0Z,,SEXY CHONBO,,,,,https://youtu.be/gj6I50jU6V0?t=151,,,,,
ちんげ,Chinge,chinge,Chingge,,0Z,,CHINGE,,,,,https://youtu.be/rLZW_jPb_ZI?t=233,,,,,
ちんげ改,Chinge Kai,chinge kai,Chinge Kai,,0Z,,CHINGE,,,,,https://youtu.be/gj6I50jU6V0?t=141,,,,,
ツラナギ,Tsuranagi,tsura nagi,Tsuranagi,,0Z,,AMATERASU,,,,,https://youtu.be/rLZW_jPb_ZI?t=1205,,,,,
ツラナミ,Tsuranami,tsura nami,Tsuranami,,0Z,,AMATERASU,,,,,https://youtu.be/rLZW_jPb_ZI?t=1205,,,,,
ディアドライズ,Diadrise,dia dorai zu,Deerdrise,,0Z,,,,,,,https://youtu.be/gqZC6AIzIj8?t=240,,,,,
てぃかマサ,Tika Masa,ti ka masa,Tika Masa,,0Z,,MURAMASA,,,,,https://youtu.be/rLZW_jPb_ZI?t=155,,,,,
デスビーム,Death Beam,desu bimu,death beam,,0Z,,,,,,,https://youtu.be/rLZW_jPb_ZI?t=24m16s,,,,,
テッセンカ,Tessenka,tessenka,Tessenka,,0Z,,,,,,,https://youtu.be/o6ZqdRlOjUw?t=15,,,,,
とーふースネイク,Tofu Snake,tofu suneiku,Tofu Snake,,0Z,,SNAKE,,,,,https://youtu.be/uxKfpuQw5MI?t=182,,,,,
ドクターペッパー,Dr Pepper,dokuta peppa,Dr Pepper,,0Z,,,,,,,https://youtu.be/gj6I50jU6V0?t=118,,,,,
ドラキューラスピアー,Dracula Spear,dora kyu rasu pia,dracula spear,,0Z,,DRAGOON SPEAR,,,,,https://youtu.be/gj6I50jU6V0?t=23,,,,,
ドラグーンスピア,Dragoon Spear,doragun supia,dragoon spear,,0Z,,DRAGOON SPEAR,,,,,https://youtu.be/rLZW_jPb_ZI?t=7m22s,https://youtu.be/9HsYoiYeep0?t=276,,,,
ドラグーンスピア（ギアーver）,Dragoon Spear (Gear ver),doragun supia( gia ver),Dragoon Spear (Gear ver),,0Z,,DRAGOON SPEAR,,,,,https://youtu.be/D4xSRDDPGQE,,,,,
ドラグーンスピア（らってver）,Dragoon Spear (Latte ver),doragun supia( ra tte ver),Dragoon Spear (Ratte ver),,0Z,,DRAGOON SPEAR,,,,,https://youtu.be/TG1ALAfWSV8,,,,,
とらぶるメイカ,Trouble Maker,tora buru meika,Trouble Maker,,0Z,,,,,IZA,IZA,https://twitter.com/iza_1999_47/status/1346034380184010752,,,,,
トランザム,Trans-Am,toranzamu,trans am,,0Z,,,,,,,https://youtu.be/txP31oBtNX0?t=2m27s,https://youtu.be/gmq3H-F9hmk?si=A9zFDZ-SFyQYCe_L&t=247,,,,
トランスポートステーション,Transportation,toransu poto suteshon,transport station,,0Z,,,,,,,https://youtu.be/Sni_uAnBDxE?t=30,,,,,
ナイトメアレイン,Nightmare Rain,naitomea rein,nightmare rain,,0Z,,,,,,,https://youtu.be/FCvQt4wdRms?t=94,,,,,
ナルガスネイク,Naga Snake,naru ga suneiku,nargus snake,,0Z,,SNAKE,,,,,https://youtu.be/uxKfpuQw5MI?t=45,https://youtu.be/7jNTySCz3oQ?t=13,,,,
ナルカミ,Narukami,narukami,Narukami,,0Z,,,,,,,https://youtu.be/JOllsSJP5LQ?t=43,https://youtu.be/zm2mpwCKzHc?t=515,,,,
ナルメア,Narmaya,naru mea,Narmaya,,0Z,,,,,らて,LATTE,https://youtu.be/LrExRFSE330?t=87,https://youtu.be/zm2mpwCKzHc?t=565,https://youtu.be/Hy6T-D4Nakk?si=lb6TJ98Q0QmiQKoK&t=37,,,
ニコル・ボーラス,Nicol Bolas,ni koru borasu,Nicol Bolas,,0Z,,,,,,,https://youtu.be/z_oyz_JsKOs?list=PLNkmRI1NJODQ7h6IC8esPvVPZnD1BPobP&t=24,,,,,
ニポポテクンペ,Nipopotekunpe,nipopo teku npe,Nipopotekumpe,,0Z,,,,,,,https://youtu.be/zm2mpwCKzHc?t=344,,,,,
ニュイ,Nyui,nyui,Nuit,,0Z,,NYUI,,,,,https://youtu.be/oalDdGPLxWI,https://youtu.be/DNdV4UaJK00?t=97,https://youtu.be/JOllsSJP5LQ?t=106,,,
ニュイ・序,Nyui Jo,nyui tsuide,New introduction,,0Z,,NYUI,,,,,https://youtu.be/oalDdGPLxWI?list=PLNkmRI1NJODQ7h6IC8esPvVPZnD1BPobP&t=25,,,,,
ニュイ・燎,Nyui Kagari,nyui kagari,Nuit/Light,,0Z,,NYUI,,,,,https://youtu.be/oalDdGPLxWI?list=PLNkmRI1NJODQ7h6IC8esPvVPZnD1BPobP&t=15,,,,,
ニュイ・翼,Nyui Yoku,nyui yoku,New Tsubasa,,0Z,,NYUI,,,,,https://youtu.be/oalDdGPLxWI?list=PLNkmRI1NJODQ7h6IC8esPvVPZnD1BPobP&t=47,,,,,
ニュイ・苺,Nyui Ichigo,nyui ichigo,New Strawberry,,0Z,,NYUI,,,,,https://youtu.be/oalDdGPLxWI?list=PLNkmRI1NJODQ7h6IC8esPvVPZnD1BPobP,,,,,
ニュイ・蘭,Nyui Ran,nyui ran,Nuit Orchid,,0Z,,NYUI,,,,,https://youtu.be/oalDdGPLxWI?list=PLNkmRI1NJODQ7h6IC8esPvVPZnD1BPobP&t=57,,,,,
ネメシス,Nemesis,nemeshisu,Nemesis,,0Z,,NEMESIS,,,,,https://youtu.be/TG1ALAfWSV8?t=56s,https://youtu.be/zm2mpwCKzHc?t=106,https://youtu.be/o6ZqdRlOjUw?t=123,,,
ネメシス亜,Nemesis A,nemeshisu a,Nemesis sub,,0Z,,NEMESIS,,,,,https://youtu.be/LrExRFSE330?t=168,,,,,
ノザノオ,Nozanoo,nozanoo,Nozanoo,,0Z,,SUSANOO,,,,,https://youtu.be/rLZW_jPb_ZI?t=377,,,,,
ノヤナギ,Noyanagi,no yanagi,no willow,,0Z,,AMATERASU,,,,,https://youtu.be/rLZW_jPb_ZI?t=325,,,,,
バタフライ,Butterfly,batafurai,butterfly,,0Z,,BUTTERFLY,,,,,https://youtu.be/tjPC4FShPyc?t=161,https://youtu.be/9HsYoiYeep0?t=19,https://youtu.be/yiKPmmLqeCs?t=15,,,
バドロフの弾,Badrov no Dan,bado rofu no tama/dan,Badrov's Bullet,,0Z,,,,,,,https://youtu.be/zm2mpwCKzHc?t=601,,,,,
パルプンテ,Parupunte,parupu nte,Palpunte,,0Z,,AMATERASU,,,,,https://youtu.be/rLZW_jPb_ZI?t=350,,,,,
パンクルーラ,Punk Ruler,panku rura,Punkrula,,0Z,,,,,,,https://youtu.be/LrExRFSE330?t=150,,,,,
ひいらぎ,Hiiragi,hiiragi,Holly,,0Z,,,,,,,https://youtu.be/aTHFXaueQb0?t=74,,,,,
ひけん,Hiken,hike n,Hiken,,0Z,,HIKEN,,,みつき,MITSUKI,https://www.youtube.com/watch?v=GEKEi_gK9eQ&t=83s,,,,,
ヒルコ,Hiruko,hiruko,Hilco,,0Z,,,,,,,https://youtu.be/1vpXqF2ToZc?t=164,,,,,
フォルティッシモ,Fortissimo,forutisshimo,fortissimo,,0Z,,,,,,,https://youtu.be/LrExRFSE330?t=68,,,,,
ブラック・ヒッキ,Black Hickey,burakku hikki,black hikki,,0Z,,,,,,,https://youtu.be/1vpXqF2ToZc?t=417,,,,,
ブレイク,Break,bureiku,break,,0Z,,,,,,,https://youtu.be/gqZC6AIzIj8?t=257,,,,,
フロンティア,Frontier,furontia,frontier,,0Z,,,,,,,https://youtu.be/9HsYoiYeep0?t=205,,,,,
フロントスネイク,Front Snake,furonto suneiku,front snake,,0Z,,SNAKE,,,,,https://youtu.be/rLZW_jPb_ZI?t=8m43s,,,,,
フロントバレット,Front Barret,furonto baretto,front valet,,0Z,,,,,,,https://youtu.be/zm2mpwCKzHc?t=399,,,,,
ベーグル,Bagel,beguru,bagel,,0Z,,,,,航平,KOUHEI,https://youtu.be/wHnqnSf4orA?t=121,,,,,
ぽぽらスピリッツ,Popora Spirits,popora supirittsu,popora spirits,,0Z,,,,,,,https://youtu.be/9HsYoiYeep0?t=52,,,,,
ボルス,Bols,borusu,Bols,,0Z,,,,,,,https://youtu.be/zm2mpwCKzHc?t=593,https://youtu.be/gmq3H-F9hmk?si=57LyxtBUbJtGijIB&t=179,,,,
ボルスター,Bolster,boru suta,Bolster,,0Z,,,,,,,https://youtu.be/zm2mpwCKzHc?t=333,,,,,
マーメイド,Mermaid,mameido,mermaid,,0Z,,,,,,,https://youtu.be/Sni_uAnBDxE?t=106,,,,,
マーライオン,Merlion,maraion,merlion,,0Z,,,,,,,https://youtu.be/rLZW_jPb_ZI?t=17m38s,https://youtu.be/zm2mpwCKzHc?t=204,,,,
ま〇げ鬼イカセヤクザ,Ma Rei-ge Oni ikaseyakuza,ma rei/zero ge oni ika se yakuza,Mage demon squid yakuza,,0Z,,,,,,,https://youtu.be/9Ul6dXIm7Jw?t=198,,,,,
マザーズロザリオ,Mother's Rosario,mazazu rozario,mothers rosary,,0Z,,,,,,,https://youtu.be/6THtiN2AsDM?t=60,,,,,
マックポーク,McPork,makku poku,mac pork,,0Z,,MURAMASA,,,,,https://youtu.be/rLZW_jPb_ZI?t=98,,,,,
マドモアゼルレイア,Mademoiselle Rhea,madomoazeru reia,Mademoiselle Leia,,0Z,,,,,,,https://youtu.be/zm2mpwCKzHc?t=495,,,,,
ミセスナルシッサ,Mrs Narcissa,misesu naru shissa,Mrs Narcissa,,0Z,,SNAKE,,,ギア,GEAR,https://youtu.be/vTM4N98zM5U,https://youtu.be/n27FW188GUQ?t=128,https://youtu.be/JOllsSJP5LQ?t=14,,,
ムジョルニア,Mjolnir,mujorunia,Mjolnir,,0Z,,AMATERASU,,,,,https://youtu.be/o6ZqdRlOjUw?t=40,,,,,
ムラゲイ,Muragei,mura gei,gay gay,,0Z,,,,,,,https://youtu.be/rLZW_jPb_ZI?t=3m20s,,,,,
ムラマサ改,Muramasa Kai,mu rama sa kai,Muramasa Kai,,0Z,,MURAMASA,,,,,https://youtu.be/rLZW_jPb_ZI?t=2m13s,,,,,
ムラ大竹,Mura Otake,mura ootake,Uneven Otake,,0Z,,MURAMASA,,,,,https://youtu.be/rLZW_jPb_ZI?t=167,,,,,
メテオロロジスト,Meteorologist,meteo ro roji suto,meteorologist,,0Z,,,,,,,https://youtu.be/rBt2oYZZmn4?t=64,,,,,
めろんぱん弐式,Melon Pan Nishiki,me ronpan ni shiki,Melonpan 2nd type,,0Z,,SNAKE,,,,,https://youtu.be/djN7xYFryFU?t=91,,,,,
ヤキソバスネイク,Yakisoba Snake,yakisoba suneiku,Yakisoba Snake,,0Z,,SNAKE,,,,,https://youtu.be/rBt2oYZZmn4?t=4,https://youtu.be/rLZW_jPb_ZI?t=68,https://youtu.be/uxKfpuQw5MI?t=17,,,
ヤマトノカミ,Yamato no Kami,yama tonokami,Yamatonokami,,0Z,,,,,,,https://youtu.be/zm2mpwCKzHc?t=611,,,,,
ゆりあピース,Yuria Peace,yuri a pisu,Yuria Peace,,0Z,,,,,,,https://youtu.be/djN7xYFryFU?t=104,https://youtu.be/gmq3H-F9hmk?si=bg-huFDBsJrKLcEE&t=50,,,,
ライザー,Riser,rai za,riser,,0Z,,,,,,,https://youtu.be/9HsYoiYeep0?t=63,https://youtu.be/zm2mpwCKzHc?t=439,,,,
ライザムライ,Raizamurai,rai za mura i,Ryzamurai,,0Z,,SAMURAI,,,,,https://youtu.be/rLZW_jPb_ZI?t=978,,,,,
ライトイーター,Light Eater,raito ita,light eater,,0Z,,,,,,,https://youtu.be/GwmiYvpsjqM?t=76,https://youtu.be/rLZW_jPb_ZI?t=27,,,,
ラヴァーズ,Lovers,ravazu,Lovers,,0Z,,,,,,,https://youtu.be/djN7xYFryFU?t=294,,,,,
ラピッドクロウ,Rapid Crow,rapiddo kurou,Rapid Claw,,0Z,,CROW,,,,,https://youtu.be/QKSP7cRSGmM?t=413,https://youtu.be/9HsYoiYeep0?t=295,,,,
ラビリス,Labilis,rabi risu,Labyris,,0Z,,,,,,,https://youtu.be/1vpXqF2ToZc?t=52,https://youtu.be/gqZC6AIzIj8?t=164,,,,
ラブスネイク,Love Snake,rabu suneiku,love snake,,0Z,,SNAKE,,,,,https://youtu.be/uxKfpuQw5MI?t=214,,,,,
らんばーど,Ranbado (Hiragana),ran bado,Lambard,,0Z,,RANBADO,,,,,https://youtu.be/9Ul6dXIm7Jw?t=210,https://youtu.be/Rj8O1f2Mcd8?t=76,https://youtu.be/gmq3H-F9hmk?si=YyT34FgtBv8r_7Py&t=189,,,
ランバード,Ranbado (Katakana),ran bado,Lambard,,0Z,,RANBADO,,,,,https://youtu.be/qiJ9NE6nGLQ?t=248,,,,,
リバーススネイク,Reverse Snake,ribasu suneiku,reverse snake,,0Z,,SNAKE,,,,,https://youtu.be/6uorIxhPqZk?t=2m34s,https://youtu.be/rLZW_jPb_ZI?t=3,,,,
リベリオン,Rebellion,Rebellion,Rebellion,,0Z,,,,,,,https://youtu.be/aTHFXaueQb0?t=63,,,,,
リベルザネッティ改,Liberzanetti Kai,ri beru zanetti kai,Liberzanetti Kai,,0Z,,,,,,,https://youtu.be/zm2mpwCKzHc?t=449,,,,,
りょへマサ,Ryohemasa,ryo e masa,Ryohemasa,,0Z,,MURAMASA,,,,,https://youtu.be/rLZW_jPb_ZI?t=200,,,,,
リリース・リコレクション,Release Recollection,ririsu ri korekushon,release recollection,,0Z,,,,,,,https://youtu.be/gSyJI7oF5FI?t=67,,,,,
リンマサ,Rinmasa,rin masa,Rinmasa,,0Z,,MURAMASA,,,,,https://youtu.be/rLZW_jPb_ZI?t=7m9s,,,,,
るうな,RUUNA (Hira),ruu na,Ruuna,,0Z,,RUUNA,,,,,https://youtu.be/eXrlKAks24s?t=170,,,,,
ルナティックトランサー ,Lunatic Trancer,runatikku to ransa,Lunatic Trancer,,0Z,,,,,,,https://youtu.be/brfzPknvnmM?t=132,,,,,
レーヴァテイン,Laevatein,reva tein,Laevatein,,0Z,,,,,,,https://youtu.be/JOllsSJP5LQ?t=186,,,,,
レイネロス,Reineros,rei ne rosu,Rayneros,,0Z,,,,,,,https://youtu.be/zm2mpwCKzHc?t=630,,,,,
レイルカッター,Rail Cutter,rei ru katta,rail cutter,,0Z,,,,,,,https://youtu.be/zm2mpwCKzHc?t=244,,,,,
レクイエム改,Requiem Kai,rekuiemu kai,Requiem Kai,,0Z,,REQUIEM,,,,,https://youtu.be/rLZW_jPb_ZI?t=883,,,,,
レグルス,Regulus,regurusu,Regulus,,0Z,,,,,,,https://youtu.be/JOllsSJP5LQ?t=133,,,,,
レッドブール,Red Bull,reddo buru,red boule,,0Z,,SNAKE,,,,,https://youtu.be/9Ul6dXIm7Jw?t=181,,,,,
レッドロメダ,Redromeda,reddo rome da,red romeda,,0Z,,SNAKE,,,,,https://youtu.be/rLZW_jPb_ZI?t=590,,,,,
レムリア,Remria,remu ria,lemuria,,0Z,,REMRIA,,,,,https://youtu.be/JOllsSJP5LQ?t=144,https://youtu.be/DNdV4UaJK00?t=68,https://youtu.be/zm2mpwCKzHc?t=419,https://youtu.be/mkflwQXeTJM?t=131,,
ロトの紋章,Roto no Monshou,roto no monshou,lotto emblem,,0Z,,MONSHOU,,,,,https://youtu.be/OAYnfS05ipU,,,,,
ワールズネイク,World Snake,waruzuneiku,worldsnake,,0Z,,SNAKE,,,,,https://youtu.be/uxKfpuQw5MI?t=126,,,,,
ワイタックス,Waitakkusu,wai takkusu,Witax,,0Z,,,,,,,https://youtu.be/Lb-Oa53MyRM?t=282,,,,,
ワルヴェナ・ビタ,Warvena Vita,waru vena bita,Walvena Vita,,0Z,,,,,,,https://youtu.be/zm2mpwCKzHc?t=293,,,,,
一刀流ムラマサ,Ittouryu Muramasa,ittou ryuu mu rama sa,Itto-ryu Muramasa,,0Z,,MURAMASA,,,,,https://youtu.be/hPxhlw2Jr2I?t=65,,,,,
一本釣スネイク,Ipponchuu Snake,ipponzuri suneiku,pole and line snake,,0Z,,SNAKE,,,,,https://youtu.be/rLZW_jPb_ZI?t=85,,,,,
不知火,Shiranui,shiranui,Shiranui,,0Z,,,,,でゅな,DUNA,https://youtu.be/VRyXUwqdpXM,,,,,
不知火スネイク,Shiranui Snake,shiranui suneiku,Shiranui Snake,,0Z,,SNAKE,,SHIRANUI,でゅな,DUNA,https://youtu.be/JOllsSJP5LQ?t=70,https://youtu.be/rLZW_jPb_ZI?t=67,https://youtu.be/LwkA1b9YLEU?t=140,,,
五芒星,Gobousei,gobousei,pentagram,,0Z,,,,,,,https://youtu.be/dpqosqaXMhg,,,,,
人間無骨,Ningen Mukotsu,ningen bukotsu,human ruggedness,,0Z,,,,,,,https://youtu.be/LrExRFSE330?t=115,,,,,
仁天門,Nitenmon,jin ten mon,Jintenmon,,0Z,,MON,,,ペリカン,PERIKAN,https://youtu.be/kR1Sok3PW0M?t=152,https://youtu.be/JeE5ohcr5AA?t=141,https://youtu.be/AnLbfUdu5gU?t=41,,,
仁王門,Nioumon,nioumon,Niomon,,0Z,,MON,,,ペリカン,PERIKAN,https://youtu.be/kR1Sok3PW0M?t=152,https://youtu.be/JeE5ohcr5AA?t=141,https://youtu.be/zm2mpwCKzHc?t=530,https://youtu.be/AnLbfUdu5gU?t=31,,
伊達スネイク,Itachi Snake(?),date suneiku,Date Snake,,0Z,,SNAKE,,,ダイエイ,DAIEI,https://youtu.be/rLZW_jPb_ZI?t=55,https://youtu.be/GwmiYvpsjqM?t=43,,,,
侍,Samurai (Kanji),samurai,samurai,,0Z,,SAMURAI,,,,,https://youtu.be/rLZW_jPb_ZI?t=828,,,,,
修羅スネ,Shura Snake,shura sune,Shura shin,,0Z,,SHURA,,SNAKE,,,https://youtu.be/uxKfpuQw5MI?t=93,,,,,
修羅マサ,Shuramasa,shura masa,Shuramasa,,0Z,,SHURA,,MURAMASA,,,https://youtu.be/fomMlqkrNKw?t=71,,,,,
修羅刀,Shuragatana,shura katana,Shura sword,,0Z,,SHURA,,,,,https://youtu.be/Heb5wjjMJVI?t=64,https://youtu.be/gqZC6AIzIj8?t=73,,,,
修羅剣,Shuraken,shura ken,Shuraken,,0Z,,SHURA,,,,,https://youtu.be/gqZC6AIzIj8?t=89,,,,,
光化門,Koukamon,hikarika mon,Gwanghwamun,,0Z,,MON,,,ぶらいんど,BURAINDO,https://youtu.be/JeE5ohcr5AA?t=106,,,,,
光弾スネイク,Koudan Snake,hikari tama/dan suneiku,light bullet snake,,0Z,,SNAKE,,,,,https://youtu.be/rLZW_jPb_ZI?t=27,,,,,
八重紅枝垂れ桜,Yaebenishidare Sakura,yae kurenai shidarezakura,Yae red weeping cherry tree,,0Z,,,,,,,https://youtu.be/1vpXqF2ToZc?t=18,,,,,
六風雅,Rokuhuuga,roku fuuga,Roppuga,,0Z,,HUUGA,,,航平,KOUHEI,https://youtu.be/wHnqnSf4orA?t=322,,,,,
凡スネ,Bon Snake,bon sune,ordinary shin,,0Z,,SNAKE,,,,,https://youtu.be/uxKfpuQw5MI?t=154,https://youtu.be/rLZW_jPb_ZI?t=16,,,,
凸スネ・鳳凰,Totsusune Ho-Oh,deko/totsu sune houou,Convex shin/Phoenix,,0Z,,,,,,,https://youtu.be/3r12qHEsQkY?t=242,https://youtu.be/JaLSUbA3ZTM?t=232,,,,
初春,Uiharu,shoshun,early spring,,0Z,,,,,,,https://youtu.be/rBt2oYZZmn4?t=100,https://youtu.be/9HsYoiYeep0?t=336,https://youtu.be/zm2mpwCKzHc?t=196,https://youtu.be/z_oyz_JsKOs?list=PLNkmRI1NJODQ7h6IC8esPvVPZnD1BPobP&t=155,,
剣の紋章,Ken No Monshou,ken no monshou,sword emblem,,0Z,,,,,,,https://youtu.be/_Mb-pQf9WLs?list=PLNkmRI1NJODQ7h6IC8esPvVPZnD1BPobP&t=115,,,,,
十拳剣・陣,Totsuka no Tsurugi-Jin,juu kobushi ken jin,Ten Fist Sword/Jin,,0Z,,,,,,,https://youtu.be/JOllsSJP5LQ?t=84,https://youtu.be/gmq3H-F9hmk?si=lMM3BQA_gbhXB58z&t=386,,,,
十拳剣・鮮血,Totsuka no Tsurugi-Senketsu,juu kobushi ken senketsu,Ten Fist Sword/Fresh Blood,,0Z,,,,,ミクト,MIKUTO,https://youtu.be/adP1fNcB4pI?t=353,https://youtu.be/gqZC6AIzIj8?t=413,https://youtu.be/9HsYoiYeep0?t=370,https://youtu.be/Hy6T-D4Nakk?si=umEe78GK4fQP1J9X&t=101,,
半蔵門,Hanzoumon,han kura mon,Hanzomon,,0Z,,MON,,,ざき,ZAKI,https://youtu.be/zm2mpwCKzHc?t=464,https://youtu.be/JeE5ohcr5AA?t=75,,,,
半蔵門改,Hanzoumon Kai,han kura mon kai,Hanzomon Kai,,0Z,,MON,,,たかとも,TAKATOMO,https://youtu.be/JeE5ohcr5AA?t=75,,,,,
卑弥呼,Himiko,himiko,Himiko,,0Z,,,,,,,https://youtu.be/sl6iEMSJpb8?t=10,,,,,
双剣砕牙,Touken Saiga,sou ken sai kiba,Twin sword saiga,,0Z,,,,,,,https://youtu.be/0-dkQOf2YaE?t=145,,,,,
口寄せ,Kuchiyose,kuchiyose,Kuchiyose,,0Z,,,,,,,https://youtu.be/adP1fNcB4pI?t=369,,,,,
回転木馬アナルカイザーZ,Kaiten Mokuba Annar Kaiser Z,kaitenmokuba anaru kaiza Z,Carousel Anal Kaiser Z,,0Z,,,,,,,https://youtu.be/9HsYoiYeep0?t=306,,,,,
国士無双,Kokushi Musou,kokushimusou,Kokushi Musou,,0Z,,,,,,,https://youtu.be/DNdV4UaJK00?t=147,,,,,
城天丸,Joutenmaru,shiro ten maru,Jotenmaru,,0Z,,,,,,,https://youtu.be/BgGSUTbfQEY,https://youtu.be/gqZC6AIzIj8?t=298,https://youtu.be/JOllsSJP5LQ?t=94,,,
変幻アマテラス,Hengen Amaterasu,hengen amaterasu,Hengen Amaterasu,,0Z,,AMATERASU,,,,,https://youtu.be/Sni_uAnBDxE?t=208,,,,,
天下一品,Tenka Ippin,tenkaippin,Tenkaichippin,,0Z,,AMATERASU,,,,,https://youtu.be/3Sez0M0zqvs?t=198,,,,,
天羽々斬剣,Ame no Habakiri no tsurugi,amou zan ken,Tenbahachi Sword,,0Z,,,,,,,https://youtu.be/GvbJZVi8JEc,,,,,
天翔,Amakakeru,amaka,Tensho,,0Z,,ROMANCE,,,,,https://youtu.be/ZWcIF5pwp8g?t=23s,,,,,
如月刀,Kisaragi Ken,kisaragi katana,Kisaragi sword,,0Z,,,,,,,https://youtu.be/gqZC6AIzIj8?t=444,,,,,
如月刀改,Kisaragi Ken Kai,kisaragi katana kai,Kisaragi Sword Kai,,0Z,,,,,,,https://youtu.be/gqZC6AIzIj8?t=459,,,,,
威光,Ikou,ikou,majesty,,0Z,,,,,,,https://youtu.be/z_oyz_JsKOs?t=456,,,,,
寿,Kotobuki,kotobuki,Kotobuki,,0Z,,MURAMASA,,,,,https://youtu.be/rLZW_jPb_ZI?t=188,,,,,
封龍剣超絶一門,Huuryuuken Chouzetsuichimon,fuu ryuu ken chouzetsu ichimon,Fenglong Sword Transcendent Class,,0Z,,MON,,,セラ,SERA,https://youtu.be/JeE5ohcr5AA?t=10,,,,,
巫門遁甲,Humontonkou,kannagi mon tonkou,Shrine gate armor,,0Z,,MON,,,よしき,YOSHIKI,https://youtu.be/JeE5ohcr5AA?t=161,,,,,
平沢スネイク,Hirasawa Snake,hira/hei/daira sawa suneiku,Hirasawa Snake,,0Z,,SNAKE,,,,,https://youtu.be/uxKfpuQw5MI?t=280,,,,,
平等院鳳凰堂阿弥陀如来像,Byoudouinhououdou amidanyorai-zou,byoudou in houou dou amidanyorai zou,Byodoin Phoenix Hall Amida Nyorai Statue,,0Z,,,,,,,https://youtu.be/9Ul6dXIm7Jw?t=152,https://youtu.be/DNdV4UaJK00?t=32,https://youtu.be/gqZC6AIzIj8?t=5,,,
平等院鳳凰堂阿弥陀如来像・陣,Byoudouinhououdou amidanyorai-zou-jin,byoudou in houou dou amidanyorai zou jin,Byodoin Phoenix Hall Amida Nyorai Statue and Formation,,0Z,,,,,,,https://youtu.be/1vpXqF2ToZc?t=298,https://youtu.be/gqZC6AIzIj8?t=17,,,,
平等院鳳凰堂鳳凰像・鳳凰之舞,Byoudouinhououdou hououzou houou no mai,byoudou in houou dou houou zou houou kore mai,Byodoin Phoenix Hall Phoenix Statue/Phoenix Dance,,0Z,,,,,,,https://youtu.be/s80r8tDaTP0?t=9,https://youtu.be/gqZC6AIzIj8?t=398,,,,
彩雅,Saiga,aya masa,Ayaka,,0Z,,HUUGA,,,航平,KOUHEI,https://youtu.be/wHnqnSf4orA?t=251,,,,,
応天門,Outenmon,outenmon,Otenmon,,0Z,,MON,,,ばななまめ,,https://youtu.be/JeE5ohcr5AA?t=116,,,,,
惑星スネイク,Wakusei Snake,wakusei suneiku,planet snake,,0Z,,SNAKE,,,,,https://youtu.be/rLZW_jPb_ZI?t=55,,,,,
我恋,Gakoi,ware koi,My love,,0Z,,,,,,,https://youtu.be/adP1fNcB4pI?t=267,https://youtu.be/gqZC6AIzIj8?t=177,,,,
抜き脳,Nukinou,nuki nou,brain removed,,0Z,,AMATERASU,,,,,https://youtu.be/rLZW_jPb_ZI?t=341,,,,,
抜刀ムラマサ,Battou Muramasa,battou mu rama sa,Battou Muramasa,,0Z,,MURAMASA,,,,,https://youtu.be/Mf8MkFw78ko?t=32,,,,,
摩耶,Maya,Maya,Maya,Azur Lane,0Z,,MAYA,,,航平,KOUHEI,https://youtu.be/wHnqnSf4orA?t=56,https://youtu.be/Emzs_4O1dH4,,,,
摩耶大空,Maya Oozora,Maya Oozora,Maya sky,Azur Lane,0Z,,MAYA,,,航平,KOUHEI,https://youtu.be/zkEI_jvXOo8,https://youtu.be/wHnqnSf4orA?t=22,,,,
摩耶天空,Maya Tenku,Maya Tenku,maya sky,Azur Lane,0Z,,MAYA,,,航平,KOUHEI,https://youtu.be/wHnqnSf4orA?t=88,,,,,
摩耶天衣,Maya Teni,Maya Teni,Maya Teni,Azur Lane,0Z,,MAYA,,,航平,KOUHEI,https://youtu.be/wHnqnSf4orA?t=32,,,,,
摩耶改二,Maya Kai Ni,Maya Kai Ni,maya kai 2,Azur Lane,0Z,,MAYA,,,航平,KOUHEI,https://youtu.be/wHnqnSf4orA?t=78,,,,,
摩耶裂空,Maya Rekku,Maya Rekku,maya split sky,Azur Lane,0Z,,MAYA,,,航平,KOUHEI,https://youtu.be/wHnqnSf4orA?t=67,,,,,
撒菱,Makibishi,makibishi,Soakubishi,,0Z,,,,,,,https://youtu.be/JOllsSJP5LQ?t=58,https://youtu.be/DNdV4UaJK00?t=81,https://youtu.be/gqZC6AIzIj8?t=38,,,
斬雅,Kiga,zan masa,graceful,,0Z,,HUUGA,,,航平,KOUHEI,https://youtu.be/wHnqnSf4orA?t=240,,,,,
断刀,Dangatana,dan katana,cutting sword,,0Z,,,,,,,https://youtu.be/n27FW188GUQ?t=94,,,,,
旋律,Senritsu,senritsu,melody,,0Z,,,,,,,https://youtu.be/JOllsSJP5LQ?t=200,,,,,
旋風,Senpu,senpuu,whirlwind,,0Z,,MURAMASA,,,,,https://youtu.be/rLZW_jPb_ZI?t=119,,,,,
旋風アマテラス,Senpu Amaterasu,senpuu amaterasu,Whirlwind Amaterasu,,0Z,,AMATERASU,,,,,https://youtu.be/rBt2oYZZmn4?t=17s,,,,,
昭和四十七門,Showa Shijuunanamon,shouwa yonjuu nanamon,Showa 47 Gate,,0Z,,MON,,,らて,LATTE,https://youtu.be/JeE5ohcr5AA?t=181,,,,,
暴威,Violence,boui,violence,,0Z,,,,,,,https://youtu.be/ym92fseCNUk?t=20,,,,,
月華門,Gekkamon,tsuki hana/ka mon,Gekkamon,,0Z,,MON,,,ななせ,NANASE,https://youtu.be/JeE5ohcr5AA?t=191,,,,,
朧刀,Oborogatana,oboro katana,Oboro sword,,0Z,,,,,,,https://youtu.be/gqZC6AIzIj8?t=130,https://youtu.be/9QeuXsshibo,https://youtu.be/ywIyG7jc9zQQ,,,
木葉憑依,Konoha Hyoui,koppa hyoui,Konoha possession,,0Z,,,,,,,https://youtu.be/XOWfj2jUHUQ?t=124,,,,,
朱雀,Suzaku,suzaku,Suzaku,,0Z,,,,,,,https://youtu.be/adP1fNcB4pI?t=293,https://youtu.be/n27FW188GUQ?t=58,,,,
杏マサ,Anzumasa,anzu masa,Anmasa,,0Z,,MURAMASA,,,,,https://www.bilibili.com/video/av20264198/?t=220,,,,,
東北クライシス,Tohoku Crisis,touhoku kuraishisu,Tohoku Crisis,,0Z,,,,,,,https://youtu.be/rLZW_jPb_ZI?t=45,,,,,
東海クライシス,Tokai Crisis,toukai kuraishisu,Tokai Crisis,,0Z,,SNAKE,,,,,https://youtu.be/rLZW_jPb_ZI?t=45,,,,,
桜mD,OMD,sakura mD,Sakura mD,,0Z,桜龍,OURYUU,セクシーちょんぼ,SEXY CHONBO,ペリカン,PERIKAN,https://youtu.be/LrExRFSE330?t=58,,,,,
桜田門,Sakuradamon,sakura ta mon,Sakuradamon,,0Z,,MON,,,ぽぽら,POPORA,https://youtu.be/JeE5ohcr5AA?t=96,,,,,
桜田門改,Sakuradamon Kai,sakura ta mon kai,Sakuradamon Kai,,0Z,,MON,,,藍弱,,https://youtu.be/JeE5ohcr5AA?t=96,,,,,
桜知火,Ounui,sakura chi hi,Sakura Chika,,0Z,,OUKA,,SHIRANUI,,,https://youtu.be/JOllsSJP5LQ?t=227,,,,,
桜華,Ouka,sakura hana/ka,Sakuraka,,0Z,,OUKA,,,,,https://youtu.be/zfsMJbaF8vk,https://youtu.be/JOllsSJP5LQ?t=215,https://youtu.be/n27FW188GUQ?t=117,,,
桜蘭,Ouran,sakura ran,Ouran,,0Z,,OUKA,,,,,https://youtu.be/o6ZqdRlOjUw?t=103,https://youtu.be/zm2mpwCKzHc?t=361,,,,
桜雅,Ouga,sakura miyabi/ga,Sakura Miyabi,,0Z,,OUKA,,HUUGA,航平,KOUHEI,https://youtu.be/wHnqnSf4orA?t=200,,,,,
桜龍,Ouryuu,sakura ryuu,Sakuraryu,,0Z,,OUKA,,,らて,LATTE,https://youtu.be/o6ZqdRlOjUw?t=87,,,,,
森スネーク,Mori Snake,mori suneku,forest snake,,0Z,,SNAKE,,,,,https://youtu.be/uxKfpuQw5MI?t=290,,,,,
武輝門,Bukoumon,taketeru mon,Wuhui Gate,,0Z,,MON,,,まいん,,https://youtu.be/JeE5ohcr5AA?t=171,,,,,
水戸黄門,Mito Komon,mitokoumon,Mito Komon,,0Z,,MON,,,ゆる〜と,,https://youtu.be/JeE5ohcr5AA?t=40,,,,,
氷ノ門,Korinomon,koori no mon,Ice Gate,,0Z,,MON,,,たかとも,TAKATOMO,https://youtu.be/JeE5ohcr5AA?t=151,,,,,
流星スネイク,Ryuusei Snake,ryuusei suneiku,meteor snake,,0Z,,SNAKE,,,,,https://youtu.be/rLZW_jPb_ZI?t=3m39s,https://youtu.be/gmq3H-F9hmk?si=YTWzQ3JvycmKaru0&t=142,,,,
流雅,Ryuuga,ryuu miyabi/ga,elegant style,,0Z,,HUUGA,,,航平,KOUHEI,https://youtu.be/wHnqnSf4orA?t=274,,,,,
浅草寺雷門前仲見世通り,Sensouji kaminarimon zen nakamise-douri,asa kusa tera kaminari monzen nakamisedoori,Nakamise Street in front of Sensoji Kaminarimon Gate,,0Z,,,,,,,https://youtu.be/1vpXqF2ToZc?t=489,,,,,
深雪,Miyuki,shinsetsu,deep snow,,0Z,,,,,,,https://youtu.be/tjPC4FShPyc?t=3m6s,,,,,
瀧刀,Takigatana,taki katana,Taki sword,,0Z,,,,,,,https://youtu.be/adP1fNcB4pI?t=309,,,,,
瀧槍ゼロ・ボルグ,Takiyari Zero bolg,taki yari zero borugu,Takiyari Zero Borg,,0Z,,,,,,,https://youtu.be/q2ICH0VVnlk?t=8,https://youtu.be/MsKegjNXxXg?t=4,,,,
炎火,Homurabi,honoo hi,flames,,0Z,,,,,,,https://youtu.be/rLZW_jPb_ZI?t=21m24s,,,,,
烈スネ,Retsu Snake,retsu sune,Retsu shin,,0Z,,REKKA,,,,,https://youtu.be/Sni_uAnBDxE?t=326,,,,,
烈スネ崩,Retsu Snake Kuzushi,retsu sune kuzure,Incredible shin collapse,,0Z,,SNAKE,,,,,https://youtu.be/rLZW_jPb_ZI?t=1500,,,,,
烈剣,Rekken,retsu ken,fierce sword,,0Z,,KEN,,,,,"https://youtu.be/adP1fNcB4pI?t=342
",https://youtu.be/gqZC6AIzIj8?t=336,,,,
烈槍,Retsuyari,retsu yari,fierce spear,,0Z,,AMATERASU,,,,,https://youtu.be/rLZW_jPb_ZI?t=350,,,,,
烈火,Rekka,rekka,Recca,,0Z,,REKKA,,,,,https://youtu.be/rLZW_jPb_ZI?t=1510,,,,,
烈火爆炎刃,Rekka Bakuen Jin,rekka baku en jin,Recca Explosive Flame Blade,,0Z,,REKKA,,,,,https://youtu.be/LHzsCASqhsE?t=25s,,,,,
烈火舞,Rekka Mai,rekka ma,Reccamai,,0Z,,REKKA,,,,,https://youtu.be/djN7xYFryFU?t=73,https://youtu.be/DNdV4UaJK00?t=112,,,,
烈照,Retsuteru,retsu teru,bright light,,0Z,,MURAMASA,,,,,https://youtu.be/rLZW_jPb_ZI?t=119,,,,,
烈鳴尊,Retsuno,retsu naru son,Remeison,,0Z,,AMATERASU,,,,,https://youtu.be/rLZW_jPb_ZI?t=341,,,,,
焔,Homura,honoo,flame,,0Z,,,,,,,https://youtu.be/9HsYoiYeep0?t=244,,,,,
焔獄門,Engokumon,honoo gokumon,Hell Gate,,0Z,,MON,,,みつき,MITSUKI,https://youtu.be/JeE5ohcr5AA?t=50,,,,,
煌雅,Kouga,kou masa,Brilliant elegance,,0Z,,HUUGA,,,航平,KOUHEI,https://youtu.be/wHnqnSf4orA?t=262,,,,,
煙々羅,Enenra,kemuri noma usumono/ra,Enchanra,,0Z,,,,,,,https://youtu.be/zm2mpwCKzHc?t=215,,,,,
燎花,Reika,kagari ka,Rinka,,0Z,,REIKA,,,,,https://youtu.be/1vpXqF2ToZc?t=446,,,,,
燎花【戦】,Reika Sen,kagari hana [sen],Rinka [war],,0Z,,REIKA,,,,,https://youtu.be/1vpXqF2ToZc?t=457,,,,,
爆砕牙,Bakusaiga,bakusai kiba,Bakusaiga,,0Z,,,,,,,https://youtu.be/0-dkQOf2YaE?t=67 ,,,,,
王牙,Oukiba,ou kiba,King's Fang,,0Z,,,,,,,https://youtu.be/adP1fNcB4pI?t=173,https://youtu.be/gqZC6AIzIj8?t=115,,,,
玲瓏,Reirou,reirou,Linglong,,0Z,,,,,,,https://youtu.be/JOllsSJP5LQ?t=31,,,,,
玲龍,Reiryu,reiryuu,Reiryu,,0Z,,,,,,,https://youtu.be/zm2mpwCKzHc?t=409,,,,,
珩灵・陣・羽,Hangling Jin Wa,珩灵 jin wa/hane,穩灵・jin・feather,,0Z,,,,,,,https://youtu.be/0IK6mJ7sy20?t=70,,,,,
瑠華,RUUka,ruka,Ruka,,0Z,,RUUNA,,OUKA,,,https://youtu.be/o6ZqdRlOjUw?t=132,,,,,
白門,Shiromon,shiro mon,white gate,,0Z,,MON,,,はこ,HAKO,https://youtu.be/JeE5ohcr5AA?t=126,,,,,
真烈火,Shin Rekka,shin rekka,Shinrekka,,0Z,,REKKA,,,,,https://youtu.be/djN7xYFryFU?t=266,,,,,
真雷獅子,Shin Raijishi,shin kaminari shishi,Shinraishishi,,0Z,,,,,,,https://youtu.be/1vpXqF2ToZc?t=226,,,,,
祈祉門,Kishimon,ki minoru mon,prayer gate,,0Z,,MON,,,Hong,Hong,https://youtu.be/JeE5ohcr5AA?t=20,,,,,
神舞裂帛,Shinbu Reppaku,kami mai reppaku,divine dance rippet,,0Z,,,,,だいちゃま,DAICHAMA,https://youtu.be/o6ZqdRlOjUw?t=3,https://youtu.be/9HsYoiYeep0?t=40,,,,
神風アマテラス,Kamikaze Amaterasu,kamikaze amaterasu,Kamikaze Amaterasu,,0Z,,AMATERASU,,,,,https://youtu.be/Mf8MkFw78ko?t=173,,,,,
空漠転界,Kuubaku Tenkai,kuubaku kururi/ten/utata sakai/kai,desert transition world,,0Z,,,,,,,https://youtu.be/zm2mpwCKzHc?t=284,,,,,
紅蓮,Guren,guren,Guren,,0Z,,,,,,,https://youtu.be/Z6q1SyOqIbM?t=3m19s,,,,,
紫蓮,Shi Ren,murasaki hasu,purple lotus,,0Z,,,,,,,https://youtu.be/XOWfj2jUHUQ?t=87,,,,,
綿月,Watatsuki,men/wata tsuki,Watatsuki,,0Z,,,,,,,https://youtu.be/o6ZqdRlOjUw?t=113,,,,,
緋・天帝劔,Hi Tenteiken,hi tentei tsurugi,Scarlet Tentei Tsurugi,,0Z,,HIKEN,,,みつき,MITSUKI,https://youtu.be/1oWG32g8IsI?t=81,,,,,
緋劔,Scarlet,hi tsurugi,Scarlet Tsurugi,,0Z,,HIKEN,,,みつき,MITSUKI,https://youtu.be/1oWG32g8IsI?t=20,,,,,
緋劔【二乃型】,Scarlet [Ni no Kata],hi ken [nino kata],Scarlet Tsurugi [Nino type],,0Z,,HIKEN,,,みつき,MITSUKI,https://youtu.be/1oWG32g8IsI?t=32,,,,,
緋劔【零式】,Scarlet [Zero Formula],hi ken [rei shiki],Scarlet Tsurugi [Type 0],,0Z,,HIKEN,,,みつき,MITSUKI,https://youtu.be/1oWG32g8IsI?t=52,,,,,
緋劔改,Scarlet Break,hi tsurugi kai,Hitsugi Kai,,0Z,,HIKEN,,,みつき,MITSUKI,https://youtu.be/1oWG32g8IsI?t=111,,,,,
緋桜劔舞,Scarlet Sakura,hio tsurugi ma,Hizakura Tsurugai,,0Z,,HIKEN,,,みつき,MITSUKI,https://youtu.be/1oWG32g8IsI?t=65,,,,,
緋縅蝶,Hiodoshichou,hiodoshi chou,Scarlet butterfly,,0Z,,,,,,,https://youtu.be/adP1fNcB4pI?t=380,,,,,
芳華絢爛,Houka Kenran,houka kenran,Aromatic and gorgeous,,0Z,,,,,,,https://youtu.be/JOllsSJP5LQ?t=172,https://youtu.be/LrExRFSE330?t=29,https://youtu.be/zm2mpwCKzHc?t=96,,,
虎ノ門,Toranomon,tora no mon,Toranomon,,0Z,,MON,,,鰹のタタキ,,https://youtu.be/JeE5ohcr5AA?t=85,,,,,
虎ノ門改,Toranomon Kai,tora no mon kai,Toranomon Kai,,0Z,,MON,,,鰹のタタキ,,https://youtu.be/JeE5ohcr5AA?t=85,,,,,
蝶番,Chou Ban,choutsugai,hinge,,0Z,,,,,,,https://youtu.be/gqZC6AIzIj8?t=216,,,,,
行界・三陣,Gyokai Sanjin,gyou sakai/kai san jin,Gyokai/Sanjin,,0Z,,GYOKAI,,,影夜,,https://youtu.be/0IK6mJ7sy20?t=60,,,,,
行界・双陣,Gyokai Soujin,gyou sakai/kai sou jin,Gyokai/Sojin,,0Z,,GYOKAI,,,影夜,,https://youtu.be/0IK6mJ7sy20?t=49,https://youtu.be/DNdV4UaJK00?t=180,,,,
行界・贼帅,Gyokai (?),gyou sakai/kai 贼帅,Gyokai/Payment,,0Z,,GYOKAI,,,影夜,,https://youtu.be/0IK6mJ7sy20?t=49,https://youtu.be/DNdV4UaJK00?t=166,,,,
行界・陣,Gyokai Jin,gyou sakai/kai jin,Gyokai/Jin,,0Z,,GYOKAI,,,影夜,,https://youtu.be/0IK6mJ7sy20?t=38,,,,,
要,Kaname,kaname,Essential,,0Z,,,,,,,https://youtu.be/1vpXqF2ToZc?t=255,,,,,
覇修羅,Vajra,ha shura,Hasura,,0Z,,,,,,,"https://youtu.be/9F9olZZZEhE?t=87
",,,,,
豚侍,Buta Samurai,buta samurai,pig samurai,,0Z,,SAMURAI,,,,,https://youtu.be/VRZ7uAbCt-M,,,,,
赤門,Akamon,akamon,Akamon,,0Z,,MON,,,藍弱,,https://youtu.be/JeE5ohcr5AA?t=60,,,,,
輝夜改,Kaguya Kai,kiyo kai,Kaguya Kai,,0Z,,,,,,,https://youtu.be/adP1fNcB4pI?t=135,,,,,
迅正,Jin Masa,jin masa,speedy correctness,,0Z,,,,,,,https://youtu.be/fomMlqkrNKw?t=135,,,,,
迅速スネイク,Jinsoku Snake,jinsoku suneiku,quick snake,,0Z,,SNAKE,,,,,https://youtu.be/uxKfpuQw5MI?t=164,https://youtu.be/kLt5OehN_JQ,,,,
迅速菊池千本槍(迅槍),Jinsoku Kikuchi Senbon-Yari (Jin-Yari),jinsoku kikuchi senbonyari(jin yari),Rapid Kikuchi Senbon Spear (Quick Spear),,0Z,,,,,,,https://youtu.be/t0dnmXUXi9E?t=64,,,,,
逆撫,Sakanade,gyaku nade,Reverse stroke,,0Z,,,,,,,https://youtu.be/1D1LksShDFk,,,,,
金剛,Kongo,kongou,Kongo,,0Z,,KONGO,,,,,https://youtu.be/UfobI-BqQSA?t=202,https://youtu.be/zm2mpwCKzHc?t=45,https://youtu.be/gmq3H-F9hmk?si=Cch-TYHm-S_BTFcu&t=109,,,
金剛改,Kongo Kai,kongou kai,Kongo Kai,,0Z,,KONGO,,,,,https://youtu.be/UfobI-BqQSA?t=216,,,,,
金糸雀,Kinshijaku,kinshijaku,golden sparrow,,0Z,,,,,,,https://youtu.be/1vpXqF2ToZc?t=266,,,,,
銃爪,Juu Tsume,juu tsume,gun claw,,0Z,,,,,,,https://youtu.be/9HsYoiYeep0?t=216,,,,,
雅狼,Miyabi Okami,miyabi/ga ookami,Miyarou,,0Z,,HUUGA,,,航平,KOUHEI,https://youtu.be/wHnqnSf4orA?t=211,,,,,
雷獅子,Raijishi,kaminari shishi,thunder lion,,0Z,,,,,,,https://youtu.be/djN7xYFryFU?t=121,,,,,
霞ヶ門,Kasumigamon,ka ga mon,Kasumigamon,,0Z,,MON,,,ゆーきち,,https://youtu.be/JeE5ohcr5AA?t=30,https://youtu.be/kR1Sok3PW0M?t=33,https://youtu.be/JeE5ohcr5AA?t=141,,,
霞斬,Kasumizan,ka zan,Kasumi slash,,0Z,,,,,ゆーきち,,https://youtu.be/8LyxLTopxVY?t=665,https://youtu.be/lAKm0UWntos?t=111,,,,
青天霹靂,Seiten Hekireki,seiten hekireki,blue sky bolt,,0Z,,,,,,,https://youtu.be/68Vi0YJSXME?t=117,,,,,
青龍の紋章,Seiryuu no Monshou,seiryou no monshou,blue dragon emblem,,0Z,,MONSHOU,,,,,https://youtu.be/QKSP7cRSGmM?t=324,,,,,
音霊・重,Ontama Juu,oto/ne/on rei omo,Sound Spirit/Heavy,,0Z,,,,,,,https://youtu.be/OQbcpgoOSb0?t=272,,,,,
音霊・響,Ontama Hibiki,oto/ne/on rei hibiki,Sound Spirit/Hibiki,,0Z,,,,,,,https://youtu.be/aTHFXaueQb0?t=84,,,,,
風神,FUJIN,fuujin,Fujin,,0Z,,,,,,,https://youtu.be/LrExRFSE330?t=178,,,,,
風雅,Huuga,fuuga,elegance,,0Z,,,,,航平,KOUHEI,https://youtu.be/JOllsSJP5LQ?t=161,https://youtu.be/zm2mpwCKzHc?t=484,https://youtu.be/nSkqNiNbYo4,,,
風雅改,Huuga Kai,fuuga kai,Fuga Kai,,0Z,,HUUGA,,,航平,KOUHEI,https://youtu.be/wHnqnSf4orA?t=311,,,,,
骸煉,Mukuroneri,gai ren,skeleton,,0Z,,,,,,,https://youtu.be/zm2mpwCKzHc?t=234,,,,,
鮮血更衣,Senketsu Koi,senketsu koromogae/koui/kisaragi,fresh blood change,,0Z,,,,,,,https://youtu.be/9HsYoiYeep0?t=359,,,,,
鰻番,Unagi Ban,unagi ban,Eel number,,0Z,,,,,黒ウサギ,KURO USAGI,https://youtu.be/Heb5wjjMJVI?t=30,https://youtu.be/DNdV4UaJK00?t=133,https://youtu.be/gqZC6AIzIj8?t=202,https://youtu.be/Hy6T-D4Nakk?si=uwqEmt_hpVMAFXIT&t=82,,
鳴‧祈鳳,Mei Inori-Ootori,naru ki hou,Sound‧Prayer,,0Z,,,,,,,https://youtu.be/CNSbOHB2pL0?t=43,,,,,
鷹テラス,Taka Terrace,taka terasu,Taka Terrace,,0Z,,,,,,,https://youtu.be/adP1fNcB4pI?t=283,https://youtu.be/9HsYoiYeep0?t=264,,,,
黒蝶スネイク,Kokuchou Snake,kuro chou suneiku,black butterfly snake,,0Z,,SNAKE,,,,,https://youtu.be/o6ZqdRlOjUw?t=28,https://youtu.be/Hy6T-D4Nakk?si=GgTXSGgmKuHf8Qp5&t=52,,,,
こけこけソード,Koke Koke Sword,koke koke sodo,Kokekoke Sword,,0Z,,,,,黒ウサギ,KURO USAGI,https://youtu.be/Hy6T-D4Nakk?t=70,,,,,
式波,Shiki Nami,shiki nami,Shikinami,,0Z,,,,,ミクト,MIKUTO,https://youtu.be/Hy6T-D4Nakk?t=115,,,,,
谐谑のリリス,,谐谑 no ri risu,Little Lilith,,0Z,,,,,影夜,,https://youtu.be/Hy6T-D4Nakk?t=136,,,,,
プロギアの嵐,,puro gia no arashi,pro gear storm,,0Z,,,,,影夜,,https://youtu.be/Hy6T-D4Nakk?t=147,,,,,
行界・睢秘,,gyou sakai/kai 睢秘,Gyokai/Secret,,0Z,,,,,影夜,,https://youtu.be/Hy6T-D4Nakk?t=160,,,,,
イナオスペシャル,Inao Special,ina osu peshi a ru,Inao Special,,0Z,,,,,,,https://youtu.be/gmq3H-F9hmk?t=17,,,,,
憑依合体,,hyoui gattai,possession combination,,0Z,,,,,,,https://youtu.be/gmq3H-F9hmk?t=40,,,,,
ジャベリン,Javelin,jaberin,javelin,,0Z,,,,,,,https://youtu.be/gmq3H-F9hmk?t=78,,,,,
カミハテ,Kamihate,ka mi ha te,Kamihate,,0Z,,,,,,,https://youtu.be/gmq3H-F9hmk?t=88,,,,,
武正,Takemasa,takemasa,Takemasa,,0Z,,,,,,,https://youtu.be/gmq3H-F9hmk?t=212,,,,,
ルーキーズ,Rookies,ruki zu,Rookies,,0Z,,,,,,,https://youtu.be/gmq3H-F9hmk?t=274,,,,,
イガグリry,Igaguriry,iga guri ry,Igaguriry,,0Z,,,,,,,https://youtu.be/gmq3H-F9hmk?t=303,,,,,
ぽくぽくry,Pokupokury,pokupoku ry,Poku Pokury,,0Z,,,,,,,https://youtu.be/gmq3H-F9hmk?t=314,,,,,
仙法・五右衛門,Senpo Goemon,sen ho goemon,Senpo/Goemon,,0Z,,,,,,,https://youtu.be/gmq3H-F9hmk?t=335,,,,,
ファイヤートルコ石,Fire Turquoise,faiya torukoishii,fire turquoise,,0Z,,,,,,,https://youtu.be/gmq3H-F9hmk?t=346,,,,,
下克上イザナギ,Gekokujo Izanagi,gekokujou iza nagi,Gekokujo Izanagi,,0Z,,,,,,,https://youtu.be/gmq3H-F9hmk?t=440,,,,,
ハードプラント,Frenzy Plant,hado puranto,hard plant,Pokémon,0Z,,,,,,,https://youtu.be/gmq3H-F9hmk?t=506,,,,,
ブラストバーン,Blast Burn,burasu to ban,blast burn,Pokémon,0Z,,,,,,,https://youtu.be/gmq3H-F9hmk?t=519,,,,,
ハイドロカノン,Hydro Cannon,haidoro kanon,hydro canon,Pokémon,0Z,,,,,,,https://youtu.be/gmq3H-F9hmk?t=530,,,,,
三位一体,Sanmiittai,sanmiittai,trinity,,0Z,,,,,,,https://youtu.be/gmq3H-F9hmk?t=543,,,,,
ブラピチ,Burapichi,burapi chi,Burapichi,,0Z,,,,,,,https://youtu.be/gmq3H-F9hmk?t=554,,,,,
氷刃・七連舞,,hyoujin shichi tsuremai,Ice Blade Seven Dances,,0Z,,,,,,,https://youtu.be/IpyhfQ84vXI,,,,,
ギャレット・オメガ,,gya retto omega,Garrett Omega,,0Z,,,,,,,https://youtu.be/E8Pf1FUqJo8?t=22,,,,,
氷雷波,,koori kaminari nami,ice thunder wave,,0Z,,,,,,,https://youtu.be/E8Pf1FUqJo8?t=32,,,,,
御座毬,,go za mari/iga/kasa,Gozamari,,0Z,,,,,,,https://youtu.be/E8Pf1FUqJo8?t=43,,,,,
御座形,,go za katachi,Throne shape,,0Z,,,,,,,https://youtu.be/E8Pf1FUqJo8?t=43,,,,,
デビルソウル,Devil Soul,debiru souru,devil soul,,0Z,,,,,,,https://youtu.be/E8Pf1FUqJo8?t=53,,,,,
トリプルヘッドスピアー,Triple Head Spear,toripuru heddo supia,triple head spear,,0Z,,,,,,,https://youtu.be/E8Pf1FUqJo8?t=53,,,,,
輝白百合,, 輝 shirayuri,Bright white lily,,0Z,,SHIRAYURI,,,,,https://youtu.be/E8Pf1FUqJo8?t=64,,,,,
咲白百合,,咲 shirayuri,Saki white lily,,0Z,,SHIRAYURI,,,,,https://youtu.be/E8Pf1FUqJo8?t=64,,,,,
百合知火,,yuri chi hi,Yuri Chihiro,,0Z,,SHIRAYURI,,SHIRANUI,,,https://youtu.be/E8Pf1FUqJo8?t=75,,,,,
愛白百合,,ai shirayuri,Aishira Yuri,,0Z,,SHIRAYURI,,,,,https://youtu.be/E8Pf1FUqJo8?t=75,,,,,
煙叡剣狼煙,,kemuri 叡 ken noroshi,smoke sword smoke,,0Z,,,,,,,https://youtu.be/E8Pf1FUqJo8?t=86,,,,,
白百合,,shirayuri,white lily,,0Z,,SHIRAYURI,,,,,https://youtu.be/E8Pf1FUqJo8?t=97,,,,,
氷雷・白波ノ百合,,koori kaminari shiranami no yuri,Ice Thunder/Yuri Shiranami,,0Z,,SHIRAYURI,,,,,https://youtu.be/E8Pf1FUqJo8?t=108,,,,,
野方スペシャル,Nogata Special,Nogata supesharu,Nogata Special,,0Z,,,,,,,https://youtu.be/QEsV-3ogsyY,,,,,
朧剣(おぼろつるぎ),Oboro Tsurugi,oboro tsurugi,Oboro Sword (Oboro Tsurugi),,0Z,,,,,ねこじたさん,,https://youtu.be/aGikBbACWIs?t=4,,,,,
朧爛(ろうらん),Rouran,rou ran,Rouran,,0Z,,,,,ねこじたさん,,https://youtu.be/aGikBbACWIs?t=16,,,,,
神度剣(かむどのつるぎ),Kamudo no Tsurugi,kamu dono tsurugi,Kamudo Sword,,0Z,,,,,くりーむ,CREAM,https://youtu.be/aGikBbACWIs?t=39,,,,,
神楼覇聖剣(しんろうはせいけん),Shinrou wa Seiken,shinrou wa seiken,Shinrohaseken,,0Z,,,,,くりーむ,CREAM,https://youtu.be/aGikBbACWIs?t=51,,,,,
熾刀(しとう),Shitou,shitou,Shito,,0Z,,,,,くりーむ,CREAM,https://youtu.be/aGikBbACWIs?t=70,,,,,
熾火(おきび),Okibi,o kibi,Fire (Okibi),,0Z,,,,,くりーむ,CREAM,https://youtu.be/aGikBbACWIs?t=84,,,,,
氷菓(ひょうか),Hyouka,hyouka,Hyouka,,0Z,,,,,くりーむ,CREAM,https://youtu.be/aGikBbACWIs?t=104,,,,,
歪(いびつ),Ibitsu,ibitsu,Distortion,,0Z,,,,,くりーむ,CREAM,https://youtu.be/aGikBbACWIs?t=114,,,,,
アインフェリア,Einferia,a in fe ria,einferia,THE iDOLM@STER,0Z,,,,,くりーむ,CREAM,https://youtu.be/aGikBbACWIs?t=136,,,,,
アインツベルン,Einzbern,a in tsu berun,einzbern,THE iDOLM@STER,0Z,,,,,くりーむ,CREAM,https://youtu.be/aGikBbACWIs?t=149,,,,,
多元重奏飽和砲撃(クヴィンテットフォイア),Kuvintetto Fire,kuvintettofo ia,Multidimensional saturation bombardment (Kvintetfeuer),,0Z,,,,,くりーむ,CREAM,https://youtu.be/aGikBbACWIs?t=171,,,,,
恐竜拳,,kyouryuu kobushi,dinosaur fist,Baki the Grappler,,,,,,ペリカン,PERIKAN,https://youtu.be/AnLbfUdu5gU?t=3,,,,,
解鎖,,kai kusari,Unchained,Baki the Grappler,,,,,,ペリカン,PERIKAN,https://youtu.be/AnLbfUdu5gU?t=14,,,,,
セク神舞,,seku kami mai,Sex divine dance,,,,SEXY CHONBO,,神舞裂帛,ペリカン,PERIKAN,https://youtu.be/AnLbfUdu5gU?t=66,,,,,
ホッパーエラー,,hoppa era,hopper error,,,,,,,ペリカン,PERIKAN,https://youtu.be/AnLbfUdu5gU?t=82,,,,,
ドリームらんど,,dorimu ran do,Dream Land,,,,SEXY CHONBO,,,ペリカン,PERIKAN,https://youtu.be/AnLbfUdu5gU?t=92,,,,,
リベルザネッティ,,ri beru zanetti,Liberzanetti,,,,,,,ペリカン,PERIKAN,https://youtu.be/AnLbfUdu5gU?t=107,,,,,
リベルザネッティ改,,ri beru zanetti kai,Liberzanetti Kai,,,,,,,ペリカン,PERIKAN,,,,,,
,,,#VALUE!,,,,,,,,,,,,,,
,,,#VALUE!,,,,,,,,,,,,,,
,,,#VALUE!,,,,,,,,,,,,,,
,,,#VALUE!,,,,,,,,,,,,,,
,,,#VALUE!,,,,,,,,,,,,,,
placeholder,,,placeholder,,,,,,,,,,,,,,